video_id,is_primary_language,language,title,description,keywords,caption_file,audio_track_file,audio_content_type
,no,en,"Kill, kill, kill",Hee hee,No,"Kill, kill, kill_en.srt",,
,no,en,Hello,bye,,,,
,no,en,Hello,bye,Hello|bye,Hello_en.srt,1234.srt,
,no,en,,,,None_en.srt,,
,no,en,One hundred and twenty-one,,,One hundred and twenty-one_en.srt,,
,no,en,One hundred and twenty-one,,,One hundred and twenty-one_en.srt,,
,no,en,One hundred and twenty-one,,,One hundred and twenty-one_en.srt,,
,no,en,Hello,Xue Xue Xue Xue Xue,,,,
,no,en,Hello,Xue Xue Xue Xue Xue,,你好_en.srt,,
,no,en,thank you,,,谢谢_en.srt,,
,no,en,111,1111,,111_en.srt,,
,no,en,222,1111,,222_en.srt,,
